{
    "total_runtime": 347.9763422012329,
    "num_documents": 1,
    "input_load_time": 0,
    "workflows": {
        "create_base_text_units": {
            "overall": 3.3592841625213623,
            "0_orderby": 0.0025839805603027344,
            "1_zip": 0.001550912857055664,
            "2_aggregate_override": 0.003397226333618164,
            "3_chunk": 3.3130431175231934,
            "4_select": 0.009267091751098633,
            "5_unroll": 0.005692720413208008,
            "6_rename": 0.0017998218536376953,
            "7_genid": 0.0043790340423583984,
            "8_unzip": 0.003106832504272461,
            "9_copy": 0.003584146499633789,
            "10_filter": 0.009746313095092773
        },
        "create_base_extracted_entities": {
            "overall": 107.87494397163391,
            "0_entity_extract": 107.8153440952301,
            "1_merge_graphs": 0.05743002891540527
        },
        "create_summarized_entities": {
            "overall": 47.75186514854431,
            "0_summarize_descriptions": 47.74940896034241
        },
        "create_base_entity_graph": {
            "overall": 0.09057378768920898,
            "0_cluster_graph": 0.08559608459472656,
            "1_select": 0.0026328563690185547
        },
        "create_final_entities": {
            "overall": 2.150707960128784,
            "0_unpack_graph": 0.034091949462890625,
            "1_rename": 0.0028612613677978516,
            "2_select": 0.0029218196868896484,
            "3_dedupe": 0.004770040512084961,
            "4_rename": 0.002939939498901367,
            "5_filter": 0.00857996940612793,
            "6_text_split": 0.004492044448852539,
            "7_drop": 0.003319978713989258,
            "8_merge": 0.016800880432128906,
            "9_text_embed": 2.0431668758392334,
            "10_drop": 0.007463932037353516,
            "11_filter": 0.016717195510864258
        },
        "create_final_nodes": {
            "overall": 0.41770482063293457,
            "0_layout_graph": 0.19713616371154785,
            "1_unpack_graph": 0.03884410858154297,
            "2_unpack_graph": 0.12077903747558594,
            "3_drop": 0.004248857498168945,
            "4_filter": 0.013493061065673828,
            "5_select": 0.004313945770263672,
            "6_rename": 0.004340171813964844,
            "7_join": 0.009257078170776367,
            "8_convert": 0.016607999801635742,
            "9_rename": 0.004903078079223633
        },
        "create_final_communities": {
            "overall": 0.2566378116607666,
            "0_unpack_graph": 0.03729581832885742,
            "1_unpack_graph": 0.03676414489746094,
            "2_aggregate_override": 0.008003950119018555,
            "3_join": 0.011847972869873047,
            "4_join": 0.011529207229614258,
            "5_concat": 0.0057299137115478516,
            "6_filter": 0.08233213424682617,
            "7_aggregate_override": 0.012106180191040039,
            "8_join": 0.007185220718383789,
            "9_filter": 0.012867212295532227,
            "10_fill": 0.005701780319213867,
            "11_merge": 0.008463859558105469,
            "12_copy": 0.0058629512786865234,
            "13_select": 0.006025791168212891
        },
        "join_text_units_to_entity_ids": {
            "overall": 0.02836012840270996,
            "0_select": 0.006231069564819336,
            "1_unroll": 0.006876707077026367,
            "2_aggregate_override": 0.009100675582885742
        },
        "create_final_relationships": {
            "overall": 0.1262679100036621,
            "0_unpack_graph": 0.03853797912597656,
            "1_filter": 0.0184481143951416,
            "2_rename": 0.006762981414794922,
            "3_filter": 0.019026994705200195,
            "4_drop": 0.006930351257324219,
            "5_compute_edge_combined_degree": 0.00829315185546875,
            "6_convert": 0.014481067657470703,
            "7_convert": 0.0071947574615478516
        },
        "join_text_units_to_relationship_ids": {
            "overall": 0.04052305221557617,
            "0_select": 0.007528066635131836,
            "1_unroll": 0.008027791976928711,
            "2_aggregate_override": 0.010039091110229492,
            "3_select": 0.007669210433959961
        },
        "create_final_community_reports": {
            "overall": 183.87761616706848,
            "0_prepare_community_reports_nodes": 0.013376951217651367,
            "1_prepare_community_reports_edges": 0.009585142135620117,
            "2_restore_community_hierarchy": 0.010120868682861328,
            "3_prepare_community_reports": 0.13470005989074707,
            "4_create_community_reports": 183.68232417106628,
            "5_window": 0.01901102066040039
        },
        "create_final_text_units": {
            "overall": 0.06622314453125,
            "0_select": 0.008597135543823242,
            "1_rename": 0.008603096008300781,
            "2_join": 0.010377883911132812,
            "3_join": 0.01036691665649414,
            "4_aggregate_override": 0.010628223419189453,
            "5_select": 0.009432077407836914
        },
        "create_base_documents": {
            "overall": 0.09973001480102539,
            "0_unroll": 0.009793758392333984,
            "1_select": 0.009303092956542969,
            "2_rename": 0.009309053421020508,
            "3_join": 0.01085209846496582,
            "4_aggregate_override": 0.01002812385559082,
            "5_join": 0.010875940322875977,
            "6_rename": 0.009599924087524414,
            "7_convert": 0.020933151245117188
        },
        "create_final_documents": {
            "overall": 0.019964933395385742,
            "0_rename": 0.010038137435913086
        }
    }
}